,True,CC,AC,PCC,PAC,HDy,EM
0,0.0,0.00220264317181,0.0,0.00360337940109,0.000339490730059,0.0,0.00389088976931
1,0.00118389897395,0.000789265982636,0.0,0.00119126178224,0.0,0.0,0.000505120863105
2,0.00354861603974,0.00354861603974,0.000826520823434,0.00385743718164,0.000595624514915,0.0,0.00382177550013
3,0.000625390869293,0.000625390869293,0.0,0.00108029295279,0.0,0.0,0.000726491203292
4,0.000367376928729,0.000551065393093,0.0,0.00122357420366,0.0,0.0,0.000403894035143
5,0.000223313979455,0.00044662795891,0.0,0.00112208223895,0.0,0.0,0.000194025930369
6,0.000255754475703,0.00076726342711,0.0,0.00126599846583,0.0,0.0,0.000346938494247
7,0.0,0.00371287128713,0.000993950536207,0.0066939713455,0.00345533709568,0.0,0.0157489248231
8,0.0,0.00399733510993,0.00128391202544,0.0067509870367,0.00351281868412,0.0,0.0145141907362
9,0.00388026607539,0.00720620842572,0.00455480136472,0.0115366657124,0.00833760298982,0.0,0.0367853224123
10,0.0,0.00468384074941,0.00198368535912,0.00833120692714,0.005105951162,0.0,0.0343565330478
11,0.00286532951289,0.00573065902579,0.00305073488192,0.0104197941627,0.00721160505103,0.0,0.0395797820295
12,0.00170357751278,0.00170357751278,0.0,0.00289347992156,0.0,0.0,0.00245661333192
13,0.007136485281,0.00892060660125,0.00630233271412,0.00904766588258,0.00582826458046,0.0,0.0127964691138
14,0.0158075601375,0.0158075601375,0.0133223863855,0.0157698196994,0.0126053477141,0.01,0.023767660321
15,0.0357142857143,0.0410714285714,0.0390745148734,0.0400105086687,0.0370441167213,0.03,0.0610944366056
16,0.0154320987654,0.0216049382716,0.0192318070665,0.0207636193087,0.0176399535899,0.01,0.0351812403035
17,0.0300751879699,0.0375939849624,0.0355298647395,0.0364032738621,0.033407405805,0.03,0.0550425526531
18,0.0,0.00283386468296,9.79558839489e-05,0.00593292025073,0.00268806715828,0.0,0.0119251924823
19,0.00148423005566,0.00333951762523,0.000613381285789,0.00464796393975,0.00139261097269,0.0,0.00574299904775
20,0.00509337860781,0.00636672325976,0.00369909195846,0.00848664498379,0.00526265936308,0.0,0.0145151647264
21,0.00462962962963,0.00529100529101,0.00260258421577,0.00837601264038,0.00515112300004,0.0,0.0155400258518
22,0.0022349936143,0.00383141762452,0.00111478794954,0.0063231024955,0.00308143773297,0.0,0.00984891582481
23,0.00162337662338,0.00324675324675,0.000518824104258,0.0057623634806,0.00251611670287,0.0,0.00793125118896
24,0.0,0.00543970988214,0.00275416273383,0.00764854166382,0.00441770757698,0.0,0.012315759648
25,0.0,0.00434782608696,0.00164117673721,0.00633749296871,0.00309594579629,0.0,0.00810912938509
26,0.0,0.000918273645546,0.0,0.00245779169783,0.0,0.0,0.000933130450792
27,0.0,0.000865551067513,0.0,0.00319735503894,0.0,0.0,0.00284862956104
28,0.0,0.000559440559441,0.0,0.00221715701483,0.0,0.0,0.000287486592533
29,0.0,0.000405515004055,0.0,0.0019860487031,0.0,0.0,0.00045323225134
30,0.0,0.000459136822773,0.0,0.00197498421026,0.0,0.0,0.000863108920085
31,0.0,0.000231427910206,0.0,0.000917181101754,0.0,0.0,2.35390232333e-10
32,0.0,0.000222271615915,0.0,0.000702233694377,0.0,0.0,0.000226857995192
33,0.0,0.0,0.0,0.000414243477425,0.0,0.0,2.24931366407e-11
34,0.000149745432764,0.000299490865529,0.0,0.00105175971293,0.0,0.0,0.000243524218359
35,0.000624479600333,0.000416319733555,0.0,0.00109813990999,0.0,0.0,0.00033689414065
36,0.000586854460094,0.000391236306729,0.0,0.00142906000056,0.0,0.0,0.000591517084131
37,0.0,0.000760600874691,0.0,0.00144447094069,0.0,0.0,0.000648044083723
38,0.0,0.0,0.0,0.00070915174861,0.0,0.0,6.08995605286e-11
39,0.000598623166717,0.000897934750075,0.0,0.00136725267117,0.0,0.0,0.000652069114054
40,0.00061919504644,0.00061919504644,0.0,0.0014610087625,0.0,0.0,0.000835850792637
41,0.000199880071957,0.00059964021587,0.0,0.00133478470122,0.0,0.0,0.000648344163606
42,0.0,0.00102019995919,0.0,0.00163929204032,0.0,0.0,0.00123110673524
43,0.0,0.00129842025536,0.0,0.00200316685165,0.0,0.0,0.00135244745939
44,0.0,0.000328407224959,0.0,0.000964500700996,0.0,0.0,6.60130724319e-10
45,0.0,0.00028901734104,0.0,0.00110234314012,0.0,0.0,0.000373898462277
46,0.0,0.0002691065662,0.0,0.000884749765927,0.0,0.0,1.78790693731e-10
47,0.0,0.000518537723619,0.0,0.00129102770784,0.0,0.0,0.00058948810994
48,0.017133066819,0.00970873786408,0.00710569573031,0.0107238503676,0.00751814581667,0.01,0.0155856090911
49,0.0,0.0,0.0,0.000560764717203,0.0,0.0,6.80445948871e-11
50,0.0,0.0,0.0,0.000772555511161,0.0,0.0,1.67245729089e-10
51,0.0,0.000208029956314,0.0,0.00131301407159,0.0,0.0,1.9807173603e-08
52,0.0,0.000629326620516,0.0,0.00119255515332,0.0,0.0,4.58583748985e-09
53,0.0,0.000579710144928,0.0,0.00111496811282,0.0,0.0,1.11149115498e-08
54,0.0,0.0,0.0,0.00044233049427,0.0,0.0,3.00898097103e-11
55,0.0,0.0,0.0,0.000470970613834,0.0,0.0,1.64633958855e-10
56,0.0,0.0,0.0,0.000705804363222,0.0,0.0,8.5749312817e-10
57,0.0,0.00153468385513,0.0,0.00278847710459,0.0,0.0,0.0023690453598
58,0.0,0.0,0.0,0.00112466240308,0.0,0.0,6.2208115729e-10
59,0.000357142857143,0.000714285714286,0.0,0.00153549612879,0.0,0.0,0.000943184024219
60,0.0,0.000378931413414,0.0,0.000908656803074,0.0,0.0,1.78999316006e-10
61,0.0,0.00067272115708,0.0,0.00246001478249,0.0,0.0,0.00267524172026
62,0.0,0.000803212851406,0.0,0.00291999522729,0.0,0.0,0.00260400959977
63,0.0,0.0,0.0,0.000886518797067,0.0,0.0,4.54604052004e-10
64,0.00093808630394,0.00093808630394,0.0,0.00159068671314,0.0,0.0,0.000949091623002
65,0.000297885016384,0.000595770032767,0.0,0.00160128345688,0.0,0.0,0.000342177809702
66,0.000180962721679,0.000361925443359,0.0,0.00129726448656,0.0,0.0,0.000277974636629
67,0.0,0.0,0.0,0.000908570001644,0.0,0.0,1.83239870449e-10
68,0.0,0.0,0.0,0.00091358546166,0.0,0.0,6.53541769336e-10
69,0.0,0.0,0.0,0.00112169454157,0.0,0.0,4.78229079763e-10
70,0.0,0.000190041809198,0.0,0.00133049429799,0.0,0.0,6.44759132735e-10
71,0.0,0.0,0.0,0.000998607788291,0.0,0.0,5.63852708787e-10
72,0.0,0.00117489090299,0.0,0.0028316238735,0.0,0.0,0.001496731361
73,0.0,0.000822909809085,0.0,0.0022083321778,0.0,0.0,0.000572466917499
74,0.0,0.000163692912097,0.0,0.00198625840208,0.0,0.0,2.0132729083e-09
75,0.0,0.00104821802935,0.0,0.00325883748299,0.0,0.0,0.00289649230722
76,0.0,0.000361663652803,0.0,0.00355070390508,0.000286384802215,0.0,0.00512146731534
77,0.0,0.0,0.0,0.00185898722739,0.0,0.0,6.02904516565e-09
78,0.0,0.00105485232068,0.0,0.00206421994714,0.0,0.0,0.000869967084815
79,0.0,0.00105448154657,0.0,0.00260688456715,0.0,0.0,2.58837087952e-09
80,0.0,0.00370885489105,0.000989856517586,0.00593671329077,0.00269189119271,0.0,0.00834784204641
81,0.0,0.00215146299484,0.0,0.00355522181001,0.000290939624688,0.0,0.00235127775864
82,0.0,0.000871839581517,0.0,0.00207488009747,0.0,0.0,0.00112646743612
83,0.0,0.0,0.0,0.00144510397743,0.0,0.0,8.27240444757e-09
84,0.0,0.00120481927711,0.0,0.00208012485891,0.0,0.0,1.6438727821e-08
85,0.0,0.000607164541591,0.0,0.001942843124,0.0,0.0,0.000724853218703
86,0.0,0.00152516522623,0.0,0.0029641130582,0.0,0.0,0.00328968309806
87,0.0,0.00194269062652,0.0,0.00271901476722,0.0,0.0,0.00124038814293
88,0.0,0.00120992135511,0.0,0.00272525520961,0.0,0.0,0.00106208555648
89,0.0,0.00162074554295,0.0,0.00303227771978,0.0,0.0,0.0026386349025
90,0.0,0.00054347826087,0.0,0.0018046903094,0.0,0.0,6.06169028263e-05
91,0.0,0.003276003276,0.000548639431768,0.0039066736607,0.000645263324277,0.0,0.00407784228056
92,0.0,0.0,0.0,0.00218252210002,0.0,0.0,2.22819321402e-09
93,0.0,0.00239712345186,0.0,0.00387054482306,0.000608839263944,0.0,0.00253451669067
94,0.0,0.00181268882175,0.0,0.00318535585858,0.0,0.0,0.00141311959191
95,0.0,0.000508905852417,0.0,0.00267461171616,0.0,0.0,1.40562099589e-09
96,0.0,0.00322234156821,0.000493940635435,0.00437526774742,0.00111768647438,0.0,0.00367767967053
97,0.0,0.00705882352941,0.00440456804646,0.00966767707466,0.00645334212361,0.0,0.0199855832185
98,0.000424989375266,0.00212494687633,0.0,0.00300151012129,0.0,0.0,0.0017353712396
99,0.0,0.0,0.0,0.00381145643196,0.000549268038766,0.0,0.00188675739606
100,0.0,0.00108577633008,0.0,0.00225832895838,0.0,0.0,0.0011927880187
101,0.0,0.00122249388753,0.0,0.0021183890791,0.0,0.0,0.00049222406257
102,0.0,0.000337495781303,0.0,0.0015925724468,0.0,0.0,4.64571201641e-09
103,0.0,0.000941619585687,0.0,0.00205995085598,0.0,0.0,0.00106057043921
104,0.0,0.000307787011388,0.0,0.00146241986705,0.0,0.0,0.000342385682843
105,0.0,0.0015762925599,0.0,0.002567722632,0.0,0.0,0.00166539092767
106,0.0,0.00124688279302,0.0,0.00288577676639,0.0,0.0,0.00257103032374
107,0.0,0.00124031007752,0.0,0.00256142915589,0.0,0.0,0.00186284468359
108,0.0,0.000925069380204,0.0,0.00272166827364,0.0,0.0,0.00332388729367
109,0.0,0.000312989045383,0.0,0.00167059562318,0.0,0.0,6.54995229401e-05
110,0.0,0.000318775900542,0.0,0.00197400992529,0.0,0.0,0.000417376142985
111,0.000597728631201,0.00239091452481,0.0,0.00328252718416,1.60167056588e-05,0.0,0.00285699965262
112,0.0,0.000545256270447,0.0,0.00102755966741,0.0,0.0,7.56460772676e-09
113,0.000498007968127,0.000996015936255,0.0,0.00223571801517,0.0,0.0,0.00124525795364
114,0.0,0.0,0.0,0.001108308374,0.0,0.0,2.74653383687e-10
115,0.0,0.000119047619048,0.0,0.00118612093828,0.0,0.0,7.60670472811e-08
116,0.0,0.0,0.0,0.00116812059086,0.0,0.0,2.32807089326e-10
117,0.0,0.000369822485207,0.0,0.00137373050563,0.0,0.0,0.000151725031776
118,0.0,0.0,0.0,0.00146552820098,0.0,0.0,1.99594081321e-10
119,0.0,0.000648718780409,0.0,0.00240582186867,0.0,0.0,0.00034260365142
120,0.0,0.0020772746157,0.0,0.00376461507519,0.000502043923163,0.0,0.00108029644366
121,0.0,0.000549752611325,0.0,0.00211505564448,0.0,0.0,7.77888777198e-06
122,0.0,0.00112471882029,0.0,0.00278763767743,0.0,0.0,0.00228033483551
123,0.0,0.000428265524625,0.0,0.00176246720497,0.0,0.0,1.36491775711e-09
124,0.0,0.000536840692524,0.0,0.00224310980479,0.0,0.0,0.000563956529319
125,0.000507872016252,0.00203148806501,0.0,0.00334935831459,8.33939390839e-05,0.0,0.00243018899125
126,0.0,0.000736557819789,0.0,0.00229167408632,0.0,0.0,0.00116345382337
127,0.0,0.000699790062981,0.0,0.00300683305461,0.0,0.0,0.00267541738573
128,0.0,0.00139178844816,0.0,0.00315311474982,0.0,0.0,0.00209342322983
129,0.0,0.000927930714507,0.0,0.00283118134755,0.0,0.0,0.00137914959488
130,0.0,0.000718046912398,0.0,0.00247330758472,0.0,0.0,0.000940846529063
131,0.0,0.00186942766753,0.0,0.00430963933091,0.00105152178271,0.0,0.0102590477243
132,0.0,0.0,0.0,0.00420184576826,0.000942847397208,0.0,0.0127504972118
133,0.0,0.00204627734928,0.0,0.00450594594269,0.00124943249169,0.0,0.00897279786524
134,0.0,0.00135226504395,0.0,0.00442115290605,0.00116394657837,0.0,0.0108679425569
135,0.0,0.00166767738023,0.0,0.00373917456016,0.000476395523851,0.0,0.00528558867159
136,0.0,0.000882612533098,0.0,0.00299847270035,0.0,0.0,0.00158604648367
137,0.0,0.00124843945069,0.0,0.00278220877867,0.0,0.0,0.000898035105758
138,0.0,0.00170212765957,0.0,0.00315995767431,0.0,0.0,0.00350750528372
139,0.0,0.0,0.0,0.000965875249874,0.0,0.0,2.24914514656e-10
140,0.0,0.000979431929481,0.0,0.0023866687308,0.0,0.0,7.93731564763e-09
141,0.0,0.0,0.0,0.00115854931285,0.0,0.0,2.6983371331e-10
142,0.00233918128655,0.00350877192982,0.000785906669635,0.00439599985144,0.00113858798843,0.0,0.00381231693368
143,0.00240384615385,0.00240384615385,0.0,0.00380724201847,0.000545019187673,0.0,0.00376496830366
144,0.0,0.000940733772342,0.0,0.00200950787357,0.0,0.0,6.01548946669e-10
145,0.0,0.0,0.0,0.0011261450678,0.0,0.0,2.64536566489e-10
146,0.0024154589372,0.006038647343,0.00336467550975,0.00635623186426,0.00311483781461,0.0,0.00637535869363
147,0.000941619585687,0.000941619585687,0.0,0.0022054181626,0.0,0.0,0.0020280878648
148,0.000962463907603,0.00192492781521,0.0,0.00252371815714,0.0,0.0,0.00169595587063
149,0.0,0.00180505415162,0.0,0.00258870489386,0.0,0.0,0.00156790358041
150,0.0,0.000677966101695,0.0,0.00187995193219,0.0,0.0,1.36607949199e-08
151,0.0,0.0031887755102,0.000459725865802,0.00378292668067,0.000520505159848,0.0,0.00358921770767
152,0.000569800569801,0.0011396011396,0.0,0.00165165152362,0.0,0.0,0.000709416300716
153,0.0,0.00291885580852,0.000184589583436,0.0031256602744,0.0,0.0,0.00292818350916
154,0.0,0.000339328130302,0.0,0.0017237853294,0.0,0.0,0.000316834678644
155,0.0,0.00124339446689,0.0,0.0023589050306,0.0,0.0,0.0011739851618
156,0.0,0.0,0.0,0.00120783161732,0.0,0.0,3.09771795119e-10
157,0.0,0.000404367165386,0.0,0.00194735222984,0.0,0.0,1.57669904815e-08
158,0.0,0.000394944707741,0.0,0.00150334553941,0.0,0.0,1.09129779297e-09
159,0.0,0.000969367972082,0.0,0.00269574565064,0.0,0.0,0.00199082890266
160,0.000383656244005,0.000959140610013,0.0,0.00336006464874,9.4187758828e-05,0.0,0.0048599861375
161,0.0,0.00256612712199,0.0,0.00412378518595,0.000864148951713,0.0,0.00656809151736
162,0.0,0.00135432537667,0.0,0.00294354535389,0.0,0.0,0.00161685670336
163,0.0,0.00118103593724,0.0,0.00298778720213,0.0,0.0,0.00311455422162
164,0.0,0.00123762376238,0.0,0.00251778743131,0.0,0.0,0.000241798427662
165,0.0,0.000600961538462,0.0,0.0016596188211,0.0,0.0,0.000238352447377
166,0.0,0.000523971705528,0.0,0.002063655719,0.0,0.0,2.4714655852e-05
167,0.0,0.00151057401813,0.0,0.00291985492267,0.0,0.0,0.00176121943923
168,0.0,0.000913242009132,0.0,0.00215276258983,0.0,0.0,0.000375628662142
169,0.0,0.000480422772039,0.0,0.00159281362648,0.0,0.0,1.50577048919e-09
170,0.000588928150766,0.0117785630153,0.00921552318533,0.0143478406783,0.0111717491528,0.0,0.0294282225602
171,0.000369344413666,0.00406278855032,0.00135063044631,0.00553156555066,0.00228343283385,0.0,0.00732405984321
172,0.00089015488695,0.00267046466085,0.0,0.00436368300357,0.00110600706711,0.0,0.00519518989001
173,0.000443655723159,0.00421472937001,0.00150550773762,0.00726851870924,0.00403457930796,0.0,0.0132130378567
174,0.00108956199608,0.00457616038353,0.00187392391759,0.00688508090621,0.00364800828647,0.0,0.0127235207807
175,0.0,0.00440649958689,0.00170098418567,0.00640680252663,0.0031658217094,0.0,0.0108916853849
176,0.000506842372022,0.00380131779017,0.00108410639324,0.00541022841779,0.00216110420837,0.0,0.00816835401133
177,0.00112504018001,0.00433944069431,0.00163262928497,0.00571244886739,0.00246579421806,0.0,0.00773622738857
178,0.000852805730855,0.00204673375405,0.0,0.00315079311826,0.0,0.0,0.00305242136478
179,0.0,0.00135409614083,0.0,0.00317792168884,0.0,0.0,0.00270630243983
180,0.000297088532383,0.00207961972668,0.0,0.00413441590679,0.00087486654028,0.0,0.00713056841173
181,0.0,0.00182149362477,0.0,0.00462678199283,0.00137125593989,0.0,0.0102347169495
182,0.000291545189504,0.00218658892128,0.0,0.00401475931515,0.000754232188379,0.0,0.00579009523554
183,0.0,0.0,0.0,0.00202522761094,0.0,0.0,1.64525288501e-08
184,0.000141864094198,0.00198609731877,0.0,0.00355707244568,0.000292805382617,0.0,0.0048650613468
185,0.000294160906016,0.00102956317105,0.0,0.00217802229579,0.0,0.0,0.00102333553904
186,0.0,0.00238663484487,0.0,0.00336572489445,9.98942565968e-05,0.0,0.00386077812754
187,0.000289059112589,0.00144529556294,0.0,0.00269707580602,0.0,0.0,0.00227137070325
188,0.0,0.00386597938144,0.00115001766138,0.00475964698573,0.00150520662399,0.0,0.00540927399809
189,0.000419756541206,0.00139918847069,0.0,0.00253182399733,0.0,0.0,0.00182537397595
190,0.0,0.00589390962672,0.00321714053203,0.00556082553767,0.00231293191552,0.0,0.00676370726841
191,0.000279798545048,0.00125909345271,0.0,0.00298457309699,0.0,0.0,0.00235589557581
192,0.0,0.00153738644305,0.0,0.00321095948299,0.0,0.0,0.00299632699299
193,0.0,0.00180126088262,0.0,0.00333501928134,6.89377360601e-05,0.0,0.0022522436549
194,0.000400080016003,0.00160032006401,0.0,0.00372742971401,0.000464554706027,0.0,0.00449135545483
195,0.00014528548598,0.00058114194392,0.0,0.00168199635773,0.0,0.0,0.000377217943529
196,0.000139840581737,0.000559362326947,0.0,0.00217350709955,0.0,0.0,0.000755429104603
197,0.0,0.00132596685083,0.0,0.00310591885551,0.0,0.0,0.00210018462867
198,0.0,0.000605510142295,0.0,0.00213940192873,0.0,0.0,0.000569634985559
199,0.000221092195446,0.000884368781782,0.0,0.00258847259951,0.0,0.0,0.00175653450008
200,0.0,0.00355113636364,0.000829089856156,0.0071264230672,0.00389132254752,0.0,0.031406375693
201,0.000227946204696,0.00341919307044,0.000694596571863,0.00663723519892,0.00339813733611,0.0,0.0175855898392
202,0.00048626306832,0.00389010454656,0.0011746090795,0.00600362968343,0.00275935438508,0.0,0.0119961343718
203,0.0,0.000141843971631,0.0,0.00257185619533,0.0,0.0,0.00148972100568
204,0.0,0.000264375413087,0.0,0.00171310529567,0.0,0.0,0.000542458792231
205,0.0,0.000712589073634,0.0,0.00227619767326,0.0,0.0,0.000637282829471
206,0.0,0.000232207128759,0.0,0.00136914389131,0.0,0.0,5.98967744804e-05
207,0.0,0.000123977188197,0.0,0.00145440087283,0.0,0.0,2.27312347224e-09
208,0.0,0.000122249388753,0.0,0.00116661767959,0.0,0.0,4.30196352204e-10
209,0.0,0.000113739763421,0.0,0.000987163060216,0.0,0.0,2.25639298648e-10
210,0.0,0.0,0.0,0.000889593778966,0.0,0.0,2.32583102633e-10
211,0.0,0.0,0.0,0.000858931334739,0.0,0.0,3.24732484187e-10
212,0.0,0.000144071459444,0.0,0.00126003583236,0.0,0.0,2.10687999078e-09
213,0.0,0.000149947518369,0.0,0.00115174038523,0.0,0.0,1.59812860543e-09
214,0.0,0.000219731927049,0.0,0.00118637967404,0.0,0.0,8.05679046622e-10
215,0.0,0.000683838614087,0.0,0.00160607184315,0.0,0.0,1.15891034934e-08
216,0.0,0.000198965380024,0.0,0.000729013263452,0.0,0.0,2.29031359585e-10
217,0.0,0.000201126307321,0.0,0.000655475111027,0.0,0.0,0.000228923195572
218,0.0,0.0,0.0,0.00164268216804,0.0,0.0,1.41685986227e-09
219,0.0,0.0001953125,0.0,0.0017033910933,0.0,0.0,1.20796335812e-09
220,0.0,0.000196309383589,0.0,0.00196166965444,0.0,0.0,5.1559966221e-09
221,0.0,0.0,0.0,0.00149079066884,0.0,0.0,1.31134545598e-09
222,0.0,0.000153704272979,0.0,0.0013559780056,0.0,0.0,1.57969206633e-09
223,0.0,0.000323624595469,0.0,0.00145234960749,0.0,0.0,0.00013558913568
224,0.0,0.000399760143914,0.0,0.00340532791805,0.000139820891803,0.0,0.00755495811864
225,0.0,0.000187055742611,0.0,0.00290076924289,0.0,0.0,0.00226863842609
226,0.0,0.000365563882288,0.0,0.00249925512605,0.0,0.0,0.000552503784594
227,0.0,0.000596065964633,0.0,0.00432783632285,0.00106986746931,0.0,0.00366156240926
228,0.0,0.00108436347864,0.0,0.00508342842907,0.00183163381064,0.0,0.00796960566973
229,0.000498836049218,0.000332557366146,0.0,0.00182573444077,0.0,0.0,0.00011031621556
230,0.000592183181998,0.000789577575997,0.0,0.00420677085327,0.000947812726985,0.0,0.00764952649523
231,0.000421496311907,0.00126448893572,0.0,0.00530963548749,0.00205968929436,0.0,0.0123672470635
232,0.0,0.0,0.0,0.00286978662293,0.0,0.0,3.22198670856e-09
233,0.0,0.00111781801923,0.0,0.00359750971086,0.000333573076315,0.0,0.00171547381441
234,0.0,0.000522602560753,0.0,0.00432403965549,0.00106603977791,0.0,0.00665063518073
235,0.0,0.000952607763753,0.0,0.00367894931572,0.000415678155661,0.0,0.00262027141196
236,0.000219250164438,0.00087700065775,0.0,0.00252650917616,0.0,0.0,0.00159066751666
237,0.0,0.0,0.0,0.00189960271039,0.0,0.0,1.12549480407e-09
238,0.0,0.000637077935867,0.0,0.00232670134942,0.0,0.0,0.000462166914322
239,0.0,0.000628667225482,0.0,0.00231804570653,0.0,0.0,9.20564910835e-10
240,0.0,0.000214776632302,0.0,0.00228814653903,0.0,0.0,9.26108926826e-10
241,0.0,0.0,0.0,0.00185308578703,0.0,0.0,4.76675355366e-10
242,0.0,0.0,0.0,0.00164173873836,0.0,0.0,4.91413198696e-10
243,0.000348371363874,0.000348371363874,0.0,0.00172846466957,0.0,0.0,0.000485118888011
244,0.0,0.000171969045572,0.0,0.00165293200329,0.0,0.0,1.81903635512e-10
245,0.00154776980442,0.00464330941325,0.00194237069746,0.0080045773698,0.00477665258831,0.0,0.0189020907787
246,0.00203169443316,0.00501151293512,0.00231769027409,0.00889907711249,0.0056784616341,0.0,0.0218489277536
247,0.00150355385457,0.00464734827775,0.00194648761873,0.00911551939244,0.00589667254756,0.0,0.0248194195181
248,0.0,0.00306108251009,0.00032956501753,0.00705822120442,0.00382256338096,0.0,0.0239383997838
249,0.0,0.00305010893246,0.000318379359968,0.00703873617748,0.00380291913433,0.0,0.0264883643086
250,0.0,0.00224047796863,0.0,0.00579243225807,0.00254643118394,0.0,0.0152665602705
251,0.0,0.00234436051055,0.0,0.0062995719965,0.00305771495717,0.0,0.0175459183894
252,0.0,0.00439212930429,0.00168633617699,0.00822427210694,0.00499814253606,0.0,0.0224313080726
253,0.0,0.00260798696007,0.0,0.00670679412705,0.00346826465713,0.0,0.0166118333914
254,0.0,0.00392028748775,0.00120537534879,0.00758588175316,0.00435453564797,0.0,0.0183601798494
255,0.0,0.00193673337637,0.0,0.00452342711457,0.00126705650898,0.0,0.00703081490132
256,0.0,0.0027502750275,1.27507399603e-05,0.00452720163891,0.00127086187641,0.0,0.00552032252529
257,0.0,0.00209205020921,0.0,0.00382164041219,0.000559535236232,0.0,0.0058457873322
258,0.0,0.00653594771242,0.00387158691344,0.00921738597038,0.00599937151668,0.0,0.0179462252601
259,0.0,0.002,0.0,0.00327750412794,1.09526041112e-05,0.0,0.00253616492666
260,0.0,0.00165672630881,0.0,0.00379548565329,0.000533166756693,0.0,0.0042135521911
261,0.0,0.0048309178744,0.00213360495794,0.00817134735112,0.0049447853116,0.0,0.014589960383
262,0.0,0.00379826967715,0.00108099937111,0.00606531627189,0.0028215450385,0.0,0.0070675373173
263,0.0,0.00664451827243,0.00398225575335,0.00759894527722,0.00436770591914,0.01,0.0118237656657
264,0.0,0.00245398773006,0.0,0.00548152269052,0.00223298105416,0.0,0.00638799301108
265,0.0,0.00181529385069,0.0,0.0034081827083,0.000142699009654,0.0,0.00256576152119
266,0.0,0.0,0.0,0.00150105631065,0.0,0.0,5.70168138895e-10
267,0.0,0.000877385391533,0.0,0.00255369655606,0.0,0.0,0.00075143697845
268,0.0,0.0010649627263,0.0,0.0026113180461,0.0,0.0,4.58550998498e-09
269,0.0,0.000645855758881,0.0,0.00204081961644,0.0,0.0,0.000413279155302
270,0.0,0.00169887449565,0.0,0.00248208165732,0.0,0.0,0.00044515880959
271,0.0,0.0,0.0,0.00221075190565,0.0,0.01,7.54341099547e-10
272,0.000207641196013,0.000830564784053,0.0,0.00200420176539,0.0,0.0,0.00113126544658
273,0.000205044084478,0.000410088168956,0.0,0.00175470501581,0.0,0.0,0.000347135751369
274,0.0,0.0,0.0,0.00253329490259,0.0,0.0,4.12918578277e-09
275,0.0,0.0,0.0,0.00145064856458,0.0,0.0,8.88825011285e-10
276,0.0014684287812,0.00783162016642,0.00519230007345,0.0114943615166,0.00829495311008,0.0,0.0323525128806
277,0.0003663003663,0.003663003663,0.000943119149589,0.0060396172174,0.0027956359871,0.0,0.0099994616529
278,0.0,0.00187617260788,0.0,0.0042652744089,0.00100679433778,0.0,0.00357000209235
279,0.000586854460094,0.00469483568075,0.00199489278308,0.00697757274068,0.00374125590746,0.0,0.0121929497567
280,0.0,0.00286327845383,0.000127938117616,0.00612691799461,0.0028836501327,0.0,0.010056069784
281,0.00151057401813,0.00402819738167,0.00131537075431,0.00719285072145,0.00395829300781,0.0,0.015238088442
282,0.00179131213614,0.00671742051052,0.00405656693049,0.00847819858811,0.00525414394864,0.0,0.0150771420392
283,0.000827129859388,0.00124069478908,0.0,0.00420473844227,0.000945763708371,0.0,0.00511474269328
284,0.000961538461538,0.00384615384615,0.00112980896953,0.00477614163793,0.00152183606037,0.0,0.00479685980862
285,0.000467945718297,0.00374356574637,0.00102523820937,0.00433450300321,0.00107658862569,0.0,0.00369046958567
286,0.0,0.000742758108443,0.0,0.00198543767781,0.0,0.0,0.000685410819688
287,0.000251256281407,0.00150753768844,0.0,0.00284961759419,0.0,0.0,0.0015878551223
288,0.00033636057854,0.00134544231416,0.0,0.00212302262075,0.0,0.0,0.000984181932336
289,0.0,0.00229432972796,0.0,0.00287476923149,0.0,0.0,0.00118061147482
290,0.0,0.000633312222926,0.0,0.00217959253546,0.0,0.0,0.00034251798206
291,0.0,0.00132714001327,0.0,0.00259807786932,0.0,0.0,0.00144876612209
292,0.0,0.00139664804469,0.0,0.00244689817999,0.0,0.0,0.00127203048531
293,0.0,0.00132100396301,0.0,0.00283615745714,0.0,0.0,0.00107720872435
294,0.0,0.00435624394966,0.00164975728704,0.00550846589531,0.00226014442229,0.0,0.00658779114942
295,0.0,0.000978952520803,0.0,0.00332562449197,5.94661782257e-05,0.0,0.00229323226319
296,0.0,0.000977517106549,0.0,0.00254599709557,0.0,0.0,0.00103595560343
297,0.0,0.000947642738688,0.0,0.00292023349311,0.0,0.0,0.00155870230399
298,0.0,0.001220703125,0.0,0.0033134400662,4.71821888071e-05,0.0,0.00231805312754
299,0.0,0.000490436488475,0.0,0.00222076358606,0.0,0.0,0.000521288303097
300,0.00014679976512,0.000440399295361,0.0,0.00176594921965,0.0,0.0,0.000453356157615
301,0.0,0.000286450873675,0.0,0.00156687374134,0.0,0.0,2.43257929813e-08
302,0.0,0.000597014925373,0.0,0.00256766355025,0.0,0.0,0.00178964952032
303,0.000178890876565,0.000715563506261,0.0,0.00179774953839,0.0,0.0,0.000508618147746
304,0.0,0.000386847195358,0.0,0.00156710606815,0.0,0.0,0.000544587056433
305,0.0,0.000400721298337,0.0,0.00181094750573,0.0,0.0,0.0005774374581
306,0.0,0.0,0.0,0.000988070236825,0.0,0.0,4.11130363192e-10
307,0.0,0.000505944852011,0.0,0.00159804003442,0.0,0.0,0.000282632090227
308,0.0,0.000270562770563,0.0,0.00124017114491,0.0,0.0,0.000381239868376
309,0.0,0.00074294205052,0.0,0.00154965322119,0.0,0.0,0.00058583687087
310,0.0,0.000405350628293,0.0,0.00140437195812,0.0,0.0,0.000297715337747
311,0.0,0.000411692054343,0.0,0.00132354097862,0.0,0.0,1.08686639157e-09
312,0.00187617260788,0.0131332082552,0.0105963488638,0.0136669226734,0.0104852671037,0.01,0.0147757178241
313,0.0,0.0412979351032,0.0393053989649,0.0424010673808,0.0394542096125,0.03,0.0515226177129
314,0.00196850393701,0.011811023622,0.00924861113928,0.0130396817246,0.00985290072676,0.01,0.0135875870622
315,0.00458015267176,0.0229007633588,0.0205526758095,0.0239967401582,0.0208994935194,0.02,0.0246044724579
316,0.0,0.000772200772201,0.0,0.00150444762875,0.0,0.0,0.000471444024526
317,0.000861326442722,0.00258397932817,0.0,0.00311799689388,0.0,0.0,0.00276987510718
318,0.000553097345133,0.000553097345133,0.0,0.00146683568715,0.0,0.0,0.000822625741479
319,0.00093808630394,0.00281425891182,7.79712035007e-05,0.00357861470936,0.000314523676464,0.0,0.00308219861847
320,0.0112570356473,0.0112570356473,0.00868391656195,0.0117957939562,0.00859884867067,0.01,0.0139821085285
321,0.0259481037924,0.0259481037924,0.0236589104148,0.0274658583667,0.0243969592335,0.02,0.0340756366666
322,0.0139720558882,0.0139720558882,0.011451408416,0.0156559762676,0.0124905740235,0.01,0.0194135733878
323,0.0,0.00182704019488,0.0,0.00366171840029,0.000398306439761,0.0,0.00319719537103
324,0.0,0.000966494845361,0.0,0.00291048139252,0.0,0.0,0.000456173246979
325,0.000622083981337,0.00279937791602,6.28026113707e-05,0.00431251722276,0.00105442319093,0.0,0.00264457685161
326,0.0,0.0,0.0,0.000706385731059,0.0,0.0,5.63878274004e-10
327,0.0,0.000138312586445,0.0,0.000821799979175,0.0,0.0,2.82088219936e-10
328,0.0,0.0,0.0,0.000574460705094,0.0,0.0,4.09078109503e-11
329,0.0,0.000289897086534,0.0,0.000935737437805,0.0,0.0,2.49304995786e-10
330,0.0,0.0,0.0,0.0013698893508,0.0,0.0,3.07204293035e-10
331,0.0,0.000276090557703,0.0,0.000882959224363,0.0,0.0,3.52672970682e-10
332,0.0,0.0,0.0,0.000370112368312,0.0,0.0,1.27406702027e-10
333,0.0,0.0,0.0,0.000750399684333,0.0,0.0,8.71978310872e-10
334,0.0,0.000348432055749,0.0,0.00184209185292,0.0,0.0,0.000765466206314
335,0.0,0.000686106346484,0.0,0.00189843669123,0.0,0.0,0.00107725513681
336,0.0,0.00133689839572,0.0,0.00194774178319,0.0,0.0,0.000966941249349
337,0.0,0.000412456176531,0.0,0.00115868349457,0.0,0.0,2.41737675736e-09
338,0.0,0.000234192037471,0.0,0.00130180196338,0.0,0.0,0.000200582935387
339,0.0,0.000523834468308,0.0,0.00164627001118,0.0,0.0,0.000593473468927
340,0.0,0.00228953856992,0.0,0.003498374116,0.000233627406204,0.0,0.00262480841975
341,0.0,0.00193355598523,0.0,0.00349445806445,0.000229679355081,0.0,0.00320744577588
342,0.0,0.00162760416667,0.0,0.00307941403831,0.0,0.0,0.00257344445487
343,0.0,0.0,0.0,0.000587838594183,0.0,0.0,7.24286613334e-11
344,0.0,0.0,0.0,0.000740372324558,0.0,0.0,4.45448284904e-11
345,0.000412371134021,0.000824742268041,0.0,0.00156909669444,0.0,0.0,0.00064951819679
346,0.0,0.0,0.0,0.000925160356077,0.0,0.0,4.95146109304e-11
347,0.0,0.0,0.0,0.000681172269797,0.0,0.0,1.90361708225e-11
348,0.0,0.00057355893318,0.0,0.00132673471494,0.0,0.0,9.51589252103e-05
349,0.0,0.00083869164104,0.0,0.00149797598736,0.0,0.0,0.000399356409389
350,0.0,0.0,0.0,0.000700413335404,0.0,0.0,4.46945134037e-11
351,0.0,0.000333778371162,0.0,0.00147615276233,0.0,0.0,0.000312268830205
352,0.0,0.000310462589258,0.0,0.00151377204814,0.0,0.0,0.00019042749409
353,0.0,0.0,0.0,0.000481824759121,0.0,0.0,1.26117244788e-11
354,0.0,0.000591715976331,0.0,0.00140601542931,0.0,0.0,2.9201039121e-06
355,0.0,0.000609013398295,0.0,0.00194429874463,0.0,0.0,0.00170078059721
356,0.0,0.000321233536781,0.0,0.00103297932705,0.0,0.0,4.37986335471e-10
357,0.0,0.000268889486421,0.0,0.00071976021526,0.0,0.0,2.6954809313e-11
358,0.0,0.000528820729773,0.0,0.00112443072134,0.0,0.0,0.000298419319764
359,0.0,0.0,0.0,0.000747007963685,0.0,0.0,2.16556040629e-10
360,0.0,0.000909366474689,0.0,0.00155920613051,0.0,0.0,1.76073085984e-09
361,0.0,0.000314169022934,0.0,0.00123624973253,0.0,0.0,7.43424311289e-10
362,0.0,0.00126302494474,0.0,0.00217358016741,0.0,0.0,0.00200532815217
363,0.0,0.000870322019147,0.0,0.00187249203455,0.0,0.0,0.000794266357239
364,0.0,0.00149444918873,0.0,0.00256277138527,0.0,0.0,0.00284431669764
365,0.0,0.00136301681054,0.0,0.00351288581371,0.000248257684602,0.0,0.00464479621049
366,0.0,0.00169061707523,0.0,0.00446504552782,0.00120819786371,0.0,0.00776905993495
367,0.0,0.0,0.0,0.00276837355123,0.0,0.0,0.0025993038491
368,0.0,0.00268262484523,0.0,0.00411892136047,0.000859245382029,0.0,0.00781595411587
369,0.0,0.00244498777506,0.0,0.00455233136487,0.00129619694708,0.0,0.00721237068423
370,0.0,0.00173243503369,0.0,0.00351118564604,0.000246543624205,0.0,0.00423726768099
371,0.0,0.00157170923379,0.0,0.00325899969148,0.0,0.0,0.00400513356724
372,0.0,0.000625390869293,0.0,0.0014798975464,0.0,0.0,4.03348101945e-10
373,0.0,0.000630318310747,0.0,0.00204649942315,0.0,0.0,6.03863207376e-09
374,0.0,0.000718132854578,0.0,0.00258404468408,0.0,0.0,1.08929068262e-08
375,0.0,0.00195439739414,0.0,0.00256166880779,0.0,0.0,0.000742771085794
376,0.0,0.0,0.0,0.00121010434918,0.0,0.0,4.20999682291e-10
377,0.0,0.0,0.0,0.00184173756189,0.0,0.0,2.35121986933e-09
378,0.00294261893085,0.00294261893085,0.00020881196177,0.00370826268011,0.000445231050882,0.0,0.00563882084411
379,0.00573065902579,0.00429799426934,0.00159038184911,0.00532222230487,0.00207237896349,0.0,0.0115406590181
380,0.00148441365661,0.00197921820881,0.0,0.00279225438691,0.0,0.0,0.00491541726161
381,0.00201060135259,0.000731127764577,0.0,0.00188797143148,0.0,0.0,0.00204980658556
382,0.00169811320755,0.00169811320755,0.0,0.00285419316374,0.0,0.0,0.00473945254676
383,0.00163102573396,0.00163102573396,0.0,0.00267588826958,0.0,0.0,0.00401357533157
384,0.0,0.0,0.0,0.00253972966343,0.0,0.0,0.000290597623709
385,0.0,0.000452488687783,0.0,0.0012608224775,0.0,0.0,0.000747461176778
386,0.000432525951557,0.000432525951557,0.0,0.00137925567383,0.0,0.0,0.000932619236412
387,0.0,0.000202183582693,0.0,0.0011547316888,0.0,0.0,4.00625190141e-05
388,0.000531632110579,0.000177210703526,0.0,0.00104646023067,0.0,0.0,0.000563796348935
389,0.000675333445889,0.000168833361472,0.0,0.00134432635172,0.0,0.0,1.36720233307e-09
390,0.0937896070976,0.0709759188847,0.0695569518337,0.0707494047717,0.068034192224,0.05,0.109153353456
391,0.105072463768,0.0785024154589,0.0772289086185,0.079531548765,0.07688809851,0.06,0.117705327753
392,0.0847851335656,0.0603948896632,0.0587714292302,0.0606547621064,0.0578570623322,0.04,0.0957816016222
393,0.0517621145374,0.0308370044053,0.0286422959591,0.0330306563917,0.0300072293738,0.02,0.0618099440921
394,0.0711527854385,0.0419194704909,0.0399389464046,0.0450335875041,0.0421082410751,0.02,0.0847399877025
395,0.0660744031094,0.0416435313715,0.0396576743707,0.0453932285413,0.0424708208782,0.02,0.0790105212201
396,0.0680453635757,0.050700466978,0.0488896480906,0.0522802686275,0.0494141376306,0.03,0.0889664382509
397,0.0663983903421,0.046277665996,0.0443813702129,0.0479156062645,0.0450138099246,0.03,0.0831354652486
398,0.0691003911343,0.0436766623207,0.0417300984563,0.0480539195499,0.0451532534213,0.03,0.0836577757126
399,0.0375634517766,0.0233502538071,0.0210108532976,0.0245708599139,0.0214783046295,0.01,0.0455742183226
400,0.0466981132075,0.0316037735849,0.0294238840395,0.0334575793466,0.0304376408811,0.02,0.0546867007388
401,0.0500886524823,0.0310283687943,0.0288373587361,0.0333501784346,0.0303293623548,0.02,0.0573160288675
402,0.0477326968974,0.0346062052506,0.0324843419513,0.0360758409991,0.0330772973615,0.02,0.0655162879202
403,0.0489964580874,0.0354191263282,0.0333129738806,0.0396453395743,0.0366759636891,0.02,0.0782803773693
404,0.0447227191413,0.0322003577818,0.0300319980713,0.0355111539981,0.0325079960848,0.02,0.0689458639362
405,0.0607356715141,0.0487596236099,0.0469112951744,0.0485903806956,0.0456940981984,0.03,0.0887833239209
406,0.0695102685624,0.0481832543444,0.0463237867562,0.0554960713651,0.0526562179352,0.04,0.105722107236
407,0.0725738396624,0.0556962025316,0.0539819333123,0.0582765081796,0.0554593747735,0.04,0.110059561462
408,0.0563939634631,0.04447974583,0.0425487026923,0.0482262684747,0.0453270106758,0.03,0.0855837161447
409,0.05,0.0426229508197,0.0406560224875,0.0430351804525,0.0400935042672,0.02,0.0744609610045
410,0.056,0.0464,0.0445060684949,0.0469298159138,0.0440199643,0.03,0.0767312761858
411,0.0447457627119,0.0352542372881,0.0331448981262,0.0389063507616,0.0359309363131,0.02,0.0840780423747
412,0.0414507772021,0.0278497409326,0.0255972993872,0.0320445218434,0.029013036739,0.01,0.0673685675399
413,0.0381488430269,0.0281425891182,0.0258958072789,0.0324373296215,0.0294090543012,0.01,0.0687296758938
414,0.0650054171181,0.0498374864572,0.0480099892485,0.05162385737,0.048752362583,0.04,0.0888231277706
415,0.0496760259179,0.0356371490281,0.033535210178,0.0372665248742,0.0342777107747,0.02,0.0690591580461
416,0.0404624277457,0.0323699421965,0.0302048599452,0.0356224605777,0.0326202121934,0.02,0.0599528957316
417,0.0595667870036,0.0469314079422,0.0450477466486,0.0501540638095,0.0472705587713,0.04,0.0758276941385
418,0.0425531914894,0.0444874274662,0.0425565327869,0.0458194433681,0.0429005184711,0.03,0.0684975437808
419,0.0474308300395,0.0434782608696,0.041527862616,0.0474199034598,0.0445140565407,0.04,0.0733234974025
420,0.0390455531453,0.0455531453362,0.0436428471648,0.0449529996886,0.0420269947454,0.04,0.0551570367152
421,0.0782241014799,0.0739957716702,0.0726351675531,0.0751415998081,0.0724622775836,0.07,0.0825724794694
422,0.0541125541126,0.047619047619,0.0457486759365,0.048964233631,0.0460710060306,0.04,0.0623428510625
423,0.133256616801,0.139700805524,0.139610044283,0.14179905969,0.139664421331,0.14,0.198074530325
424,0.0608233117484,0.063598519889,0.0620369741494,0.066069896135,0.0633164455138,0.06,0.0956184188915
425,0.0615349158792,0.0631481908274,0.0615779418406,0.0661213960093,0.0633683662134,0.06,0.0991505612408
426,0.00762480218674,0.00992662926198,0.0073277981882,0.012499836038,0.00930864375238,0.01,0.0225170171957
427,0.0100480559196,0.0122324159021,0.00967814742226,0.0139066360322,0.010726939253,0.01,0.0210878680951
428,0.00691278129137,0.00853066627445,0.005904856238,0.0106235634624,0.00741703942841,0.01,0.015664561459
429,0.00892857142857,0.00892857142857,0.00631045147302,0.0100255709687,0.00681416050695,0.01,0.0137709700329
430,0.000188465887674,0.000753863550697,0.0,0.0032367158769,0.0,0.0,0.00138479913632
431,0.000573065902579,0.00248328557784,0.0,0.00499470161191,0.00174218197237,0.0,0.0072476879992
432,0.000191241155097,0.00152992924077,0.0,0.00397918467283,0.000718366851909,0.0,0.00349772535181
433,0.0,0.0,0.0,0.00136710614443,0.0,0.0,2.07361972818e-09
434,0.0,0.00120240480962,0.0,0.00186653945976,0.0,0.0,1.41909813937e-09
435,0.000378357926599,0.000378357926599,0.0,0.00135329482078,0.0,0.0,0.000615509661849
436,0.0,0.000611246943765,0.0,0.00163338981972,0.0,0.0,2.81381501515e-09
437,0.0,0.000949968334389,0.0,0.00212308093391,0.0,0.0,0.00154411400733
438,0.0,0.0,0.0,0.000885903174972,0.0,0.0,2.65374891253e-09
439,0.0,0.000424358158286,0.0,0.00188776397097,0.0,0.0,0.000454146408306
440,0.0,0.0,0.0,0.0020717745012,0.0,0.0,0.000209723265808
441,0.0,0.000246548323471,0.0,0.00166721212081,0.0,0.0,0.00044739478538
442,0.0,0.00028839221341,0.0,0.00164280535826,0.0,0.0,7.14243126172e-09
443,0.0,0.0,0.0,0.000806054844851,0.0,0.0,1.04329808344e-10
444,0.0,0.000437509114773,0.0,0.00153384468047,0.0,0.0,1.30358524475e-09
445,0.0,0.0,0.0,0.00101058488891,0.0,0.0,6.82171869367e-10
446,0.0,0.000989119683482,0.0,0.00161279131768,0.0,0.0,7.57256980285e-10
447,0.0,0.0,0.0,0.000968986770531,0.0,0.0,9.71161496811e-11
448,0.0,0.000412371134021,0.0,0.00155886039729,0.0,0.0,1.19319636098e-09
449,0.0,0.0,0.0,0.00166129287342,0.0,0.0,8.54369592284e-10
450,0.0,0.000335008375209,0.0,0.00188080934546,0.0,0.0,3.51376933742e-05
451,0.0,0.0,0.0,0.00174663406701,0.0,0.0,1.53171896348e-08
452,0.0,0.0,0.0,0.00182873163219,0.0,0.0,1.19052176381e-09
453,0.0,0.000379506641366,0.0,0.00244769469427,0.0,0.0,1.58186389808e-08
454,0.0,0.000580832526621,0.0,0.00249606586248,0.0,0.0,0.000574310947321
455,0.0,0.000984058256249,0.0,0.00393456435912,0.000673381928372,0.0,0.0033931391094
456,0.0,0.0,0.0,0.00226295919331,0.0,0.0,1.13786992469e-09
457,0.0,0.000780792504392,0.0,0.003417399175,0.000151990787663,0.0,0.000833611862647
458,0.0214646464646,0.0,0.0,0.00225362687589,0.0,0.0,5.07120409919e-09
459,0.0,0.000610004066694,0.0,0.0027430626637,0.0,0.0,0.00149345226713
460,0.0,0.000778816199377,0.0,0.00535574778157,0.00210617838981,0.0,0.0114951784917
461,0.0,0.00217332246672,0.0,0.00750251041769,0.0042704830531,0.0,0.0217213630233
462,0.0,0.00147674132414,0.0,0.00570206586778,0.00245532637495,0.0,0.00980861250572
463,0.0,0.00057355893318,0.0,0.00605172330705,0.00280784100029,0.0,0.0297371033426
464,0.0,0.00213024954352,0.0,0.00721975620259,0.00398541834403,0.0,0.0334631143593
465,0.0,0.00118835412953,0.0,0.00733560642862,0.00410221522703,0.0,0.0442195927518
466,0.0,0.000169147496617,0.0,0.00274727088033,0.0,0.0,1.73114163258e-08
467,0.0,0.00245901639344,0.0,0.00395278603653,0.000691752502149,0.0,0.00243842649649
468,0.0,0.00180627681192,0.0,0.00411103598051,0.000851295567586,0.0,0.00373506735523
469,0.0155348424323,0.001923361444,0.0,0.0046987565655,0.00144381864461,0.0,0.00493245095516
470,0.0,0.00184094256259,0.0,0.00573901640062,0.00249257884487,0.0,0.00710740476743
471,0.0,0.00147031795626,0.0,0.00522603098741,0.0019754016296,0.0,0.00499642300132
472,0.000186081131373,0.00223297357648,0.0,0.00594665049062,0.00270190959327,0.0,0.00819737576172
473,0.0,0.0027397260274,1.99786548086e-06,0.00563185931649,0.0023845461388,0.0,0.00801075426673
474,0.0,0.00261608894702,0.0,0.00641273999797,0.00317180769811,0.0,0.00615796946238
475,0.0,0.0047619047619,0.00206325806926,0.00948410447136,0.00626826947762,0.0,0.0153545646701
476,0.0,0.00525872949095,0.00256968464015,0.012750836202,0.0095616949357,0.0,0.0605634078832
477,0.0,0.00738916256158,0.00474129134848,0.0129568751201,0.00976941747748,0.0,0.0467982078979
478,0.0,0.00328407224959,0.000556864349702,0.0145292507644,0.0113546416109,0.0,0.0758860501461
479,0.0,0.00862706433325,0.00600311732587,0.0160281621824,0.0128658012133,0.0,0.0593037935145
480,0.0,0.00772002058672,0.00507854367375,0.0140338622595,0.010855205095,0.0,0.0449740252366
481,0.0,0.0120614035088,0.00950382997208,0.0183332181949,0.0151896927293,0.01,0.0544356906809
482,0.00187969924812,0.00644468313641,0.00377855852019,0.0135132044888,0.0103302928284,0.0,0.0385530686854
483,0.0,0.00824175824176,0.00561036464822,0.0149008125564,0.0117292395778,0.0,0.0403693180492
484,0.000995520159283,0.00821304131409,0.00558109272523,0.0146935788962,0.0115203125313,0.0,0.0417023170591
485,0.00593575418994,0.00593575418994,0.00325979380073,0.0146956686397,0.0115224193509,0.0,0.0543867050421
486,0.00372754998306,0.00677736360556,0.00411766851077,0.015051965071,0.0118816272181,0.0,0.0648025535277
487,0.00260671228413,0.00651678071033,0.00385204948187,0.0155290868495,0.0123626477429,0.0,0.0560491591543
488,0.00393841747225,0.00751879699248,0.00487343114844,0.01828833892,0.0151444467285,0.0,0.0856364800158
489,0.00392927308448,0.00720366732155,0.0045522111501,0.0151230274811,0.0119532703066,0.0,0.0522913342781
490,0.00269996625042,0.00573742828215,0.00305763496375,0.0140032959714,0.010824389038,0.0,0.0516164640275
491,0.0,0.00973451327434,0.00713196928689,0.0202670821096,0.0171393589934,0.0,0.105452045554
492,0.0,0.00622591165135,0.0035555589662,0.0155399701369,0.0123736199619,0.0,0.0615457783397
493,0.000292825768668,0.00468521229868,0.00198508341552,0.011247290561,0.00804586324218,0.0,0.033452400025
494,0.00282308657465,0.0222710163112,0.0199107580079,0.029779277697,0.0267292824072,0.01,0.087708009212
495,0.00285261489699,0.0253565768621,0.0230559513884,0.0329125108182,0.0298881183872,0.01,0.103375301873
496,0.00356125356125,0.017094017094,0.0146337059456,0.0224719580404,0.0193622518176,0.01,0.0483666277118
497,0.0,0.023276904474,0.0209360863847,0.0348291440069,0.0318204131263,0.01,0.158236299385
498,0.0,0.0310600945307,0.0288696976173,0.0373917125663,0.0344039214238,0.02,0.116532412997
499,0.0,0.0170889805539,0.0146285720672,0.0235270771618,0.0204259927251,0.01,0.0730635974966
500,0.0,0.0269681285753,0.0246986486219,0.031210979938,0.0281726836406,0.01,0.078816901556
501,0.0,0.0198207982623,0.0174131860235,0.0269864700681,0.0239136536678,0.01,0.0880550620325
502,0.00200515611573,0.012317387568,0.00976476128599,0.024182071069,0.0210863388407,0.0,0.130460668726
503,0.0148514851485,0.029702970297,0.0274863450349,0.0383250770628,0.0353449128023,0.0,0.161561932286
504,0.00180555555556,0.0108333333333,0.00825202560045,0.0206866100296,0.0175623150382,0.0,0.0875089486196
505,0.00179881001799,0.0112079701121,0.00863390276577,0.0218384619293,0.0187235791649,0.01,0.0967013548333
506,0.000402414486922,0.00764587525151,0.00500296537488,0.017868493857,0.0147211709492,0.0,0.0841988336191
507,0.000607410406965,0.00728892488358,0.00463911643532,0.0219070970646,0.0187927751444,0.0,0.117771754566
508,0.0,0.00483792936623,0.00214075195678,0.0131100237025,0.00992381749614,0.0,0.0506048823691
509,0.0,0.00511152416357,0.00241963436124,0.0116612942366,0.00846324990182,0.0,0.0455641159338
510,0.000399042298484,0.00319233838787,0.000463357601126,0.00852737462736,0.0053037218243,0.0,0.0253477377216
511,0.0,0.00492182976259,0.00222627384719,0.0100180755618,0.00680660385222,0.0,0.0298310410716
512,0.0,0.00622134905043,0.00355090818655,0.0143574460535,0.0111814330172,0.0,0.0760634793793
513,0.0,0.00395604395604,0.0012418228615,0.013321267762,0.0101367877125,0.0,0.0830612998255
514,0.0,0.00300171526587,0.000269050417196,0.0104319248915,0.00722383490469,0.0,0.0535039214808
515,0.0,0.00178412132025,0.0,0.0090424177634,0.00582297357686,0.0,0.0269921363352
516,0.0,0.00214387803716,0.0,0.00579372369131,0.00254773316998,0.0,0.0061306743925
517,0.0,0.00190340233167,0.0,0.00609109400044,0.00284753340684,0.0,0.00838591534008
518,0.0,0.00420583869372,0.00149644523641,0.0115448290266,0.00834583300957,0.0,0.0406888248953
519,0.0,0.00819112627986,0.00555875415192,0.0247688629955,0.0216779256708,0.0,0.249485521521
520,0.0,0.0101555747623,0.00756116838473,0.0250338115027,0.0219450391747,0.0,0.234637330108
521,0.0,0.00574957410562,0.00307001552247,0.0249227031389,0.0218330229014,0.0,0.25296209043
522,0.0,0.00489257604765,0.00219645476275,0.019167351016,0.0160306415721,0.0,0.151253172998
523,0.0,0.00149540696432,0.0,0.0105693601343,0.00736239318398,0.0,0.0506553377521
524,0.0,0.00221238938053,0.0,0.00902446234927,0.0058048714421,0.0,0.0269016123679
525,0.0,0.00139442231076,0.0,0.00846185565878,0.00523766747492,0.0,0.0320614995196
526,0.0,0.00121926437716,0.0,0.00800940504203,0.00478151970931,0.0,0.030468728678
527,0.0,0.00275970825941,2.23662824427e-05,0.014586205392,0.0114120616367,0.0,0.09485255421
528,0.0,0.00520532099479,0.00251524394913,0.0164414008748,0.0132824166387,0.0,0.109276616807
529,0.0,0.00762453405625,0.00498121173078,0.0247031940413,0.0216117201101,0.0,0.218902175082
530,0.0,0.00619578686493,0.0035248519756,0.0215047077453,0.0183870977466,0.0,0.195368129257
531,0.0,0.0057647270762,0.00308546134568,0.0189953868023,0.0158572721723,0.0,0.156601818363
532,0.0,0.00326397388821,0.00053637755901,0.0126636280276,0.00947377414964,0.0,0.0607448794644
533,0.0,0.00241935483871,0.0,0.00846680489491,0.00524265715316,0.0,0.024038649569
534,0.0,0.00202880908906,0.0,0.00860033484493,0.00537727822801,0.0,0.0227022533591
535,0.0,0.00234375,0.0,0.00936751102905,0.00615072330523,0.0,0.0280620569034
536,0.0,0.0031512605042,0.000421485829153,0.0104457297782,0.00723775259651,0.0,0.0480450188039
537,0.166299559471,0.165565345081,0.165974452715,0.140610928477,0.138466581439,0.08,0.289563006095
538,0.132029339853,0.126440796367,0.126093766662,0.114192873326,0.11183265415,0.07,0.25052267238
539,0.103667136812,0.104196050776,0.103419109843,0.0953208622892,0.0928064326171,0.06,0.22383026068
540,0.000459770114943,0.00459770114943,0.00189588098931,0.0124249922833,0.00923318842042,0.0,0.0323410394905
541,0.0,0.00174114915844,0.0,0.00913572007836,0.0059170383011,0.0,0.0172615381791
542,0.0,0.00456204379562,0.00185953450662,0.0126991293213,0.00950956553814,0.0,0.0411258707542
543,0.0,0.00231481481481,0.0,0.00937574788418,0.00615902746688,0.0,0.0196673686766
544,0.0,0.00188412623646,0.0,0.0107562285308,0.00755078855439,0.0,0.028679058722
545,0.0,0.00244798041616,0.0,0.0165909210543,0.0134331586054,0.0,0.0820038171706
546,0.0,0.00343503738129,0.000710747096474,0.017966699821,0.0148201793922,0.0,0.0852534552829
547,0.0,0.00319808115131,0.000469211351606,0.0181567781019,0.0150118108761,0.0,0.0894200865768
548,0.0,0.00418076846506,0.00147089049007,0.018835101668,0.0156956772862,0.0,0.0961313613614
549,0.0,0.00243753808653,0.0,0.0163988497563,0.0132395178187,0.0,0.0827852684449
550,0.000206739714699,0.00372131486459,0.00100255729776,0.017982577727,0.0148361870427,0.0,0.0855178007386
551,0.0,0.00317124735729,0.000441858956501,0.016841306777,0.0136855903266,0.0,0.077316596612
552,0.0,0.00418871252205,0.00147898807721,0.0187986870607,0.0156589651211,0.0,0.0884790147208
553,0.0,0.00481983015837,0.00212230295608,0.0181210459642,0.0149757867573,0.0,0.0881413713233
554,0.0,0.00526819923372,0.00257933739911,0.01926136727,0.0161254260692,0.0,0.0964829943251
555,0.0,0.00297471492315,0.000241528254603,0.0187092000669,0.0155687468945,0.0,0.0986874247431
556,0.0,0.00448877805486,0.00178485280161,0.0190886830355,0.0159513307651,0.0,0.0949614906793
557,0.0,0.00029757476566,0.0,0.00486732598652,0.00161376551152,0.0,0.00202973637539
558,0.0,0.000291078445641,0.0,0.00452923236332,0.00127290919466,0.0,1.72444880257e-08
559,0.0,0.000655200655201,0.0,0.00660165976475,0.00336227120132,0.0,0.022501845771
560,0.0,0.000637450199203,0.0,0.00591708607544,0.00267210359582,0.0,0.0206854485552
561,0.0,0.00127530687072,0.0,0.00626328096644,0.00302112737908,0.0,0.0183893512952
562,0.0,0.000389939559368,0.0,0.00486918133318,0.00161563601893,0.0,0.0146257481881
563,0.0,0.00152207001522,0.0,0.00604519096758,0.00280125528255,0.0,0.0279393690788
564,0.0,0.00136107330352,0.0,0.00688608142803,0.00364901698394,0.0,0.0372378595859
565,0.0,0.000973393900065,0.0,0.00428465998575,0.00102633832167,0.0,0.00234735931806
566,0.0,0.000609384521633,0.0,0.00378648683778,0.000524094408381,0.0,0.00202156277592
567,0.0,0.00113282356273,0.0,0.00496470108963,0.00171193630422,0.0,0.00560650040703
568,0.0,0.0,0.0,0.00408837611006,0.000828450534574,0.0,0.00415283076162
569,0.0,0.000260416666667,0.0,0.00379901423095,0.000536724167725,0.0,0.000330261783981
570,0.0,0.0,0.0,0.00375783558152,0.00049520903163,0.0,0.00255821299008
571,0.0,0.000449438202247,0.0,0.00387094225527,0.000609239943725,0.0,0.00304336264628
572,0.0,0.00272798129384,0.0,0.00515504389939,0.00190383447865,0.0,0.00607168704574
573,0.0,0.00161420500404,0.0,0.00510268988949,0.0018510526639,0.0,0.00528774526949
574,0.0,0.00210970464135,0.0,0.00547223512614,0.0022236175975,0.0,0.00850104091328
575,0.0,0.00102354145343,0.0,0.00370600684701,0.0004429567845,0.0,0.00161118865452
576,0.0,0.000512295081967,0.0,0.00410627541522,0.000846496101873,0.0,0.00096793300057
577,0.0,0.00251256281407,0.0,0.00588856771881,0.00264335220468,0.0,0.00934352140992
578,0.0,0.000508905852417,0.0,0.00446787458622,0.00121105003945,0.0,0.00337315500501
579,0.0,0.000500250125063,0.0,0.00479204655665,0.00153787094433,0.0,0.00837208048283
580,0.0,0.00206771775653,0.0,0.00877942627918,0.00555783308759,0.0,0.0770169319114
581,0.0,0.000799360511591,0.0,0.00809785437431,0.00487069179527,0.0,0.0805065542898
582,0.0,0.000537923614847,0.0,0.00783809262028,0.00460880742756,0.0,0.0720538374185
583,0.0,0.000797872340426,0.0,0.00794688216634,0.00471848593504,0.0,0.0734858646574
584,0.0,0.00194282542326,0.0,0.00824702273865,0.00502107907197,0.0,0.0615359212113
585,0.0,0.00228898426323,0.0,0.00833743888852,0.00511223404714,0.0,0.0611883419191
586,0.0,0.00165334802976,0.0,0.00758820210812,0.00435687496345,0.0,0.0553311041617
587,0.0,0.00139275766017,0.0,0.00712573871798,0.00389063260622,0.0,0.0466380846656
588,0.0,0.00200228832952,0.0,0.00737582852299,0.00414276599168,0.0,0.0486300272624
589,0.0,0.00168020162419,0.0,0.0071172772958,0.00388210204249,0.0,0.0469866808598
590,0.0,0.000559284116331,0.0,0.00542292265548,0.00217390217559,0.0,0.0312166496941
591,0.000275482093664,0.000826446280992,0.0,0.00573158646141,0.00248508819276,0.0,0.0299586539293
592,0.0,0.00164248562825,0.0,0.00714366621126,0.00390870659197,0.0,0.0444240956157
593,0.0,0.000532197977648,0.0,0.00593249328921,0.00268763670789,0.0,0.0313678323383
594,0.00019512195122,0.00351219512195,0.0007893960198,0.0147839856601,0.0116114580438,0.0,0.226490193868
595,0.0,0.00206568890725,0.0,0.0135711407041,0.010388702463,0.0,0.180795098478
596,0.0,0.00370294178153,0.00098382912884,0.0146826305328,0.0115092747046,0.0,0.19931746539
597,0.0,0.0025641025641,0.0,0.0093380015203,0.00612097266287,0.0,0.0590149478256
598,0.0,0.0040385212799,0.0013258941765,0.0109203288844,0.00771622983537,0.0,0.0613270745635
599,0.0,0.0022271714922,0.0,0.00929618348014,0.00607881291135,0.0,0.0533425367563
600,0.0,0.000707338638373,0.0,0.00434031955759,0.00108245270938,0.0,0.000592305831333
601,0.0,0.000498132004981,0.0,0.00471123184369,0.00145639586312,0.0,0.00199413047953
602,0.0,0.0,0.0,0.00714993277998,0.00391502436725,0.03,0.0142157598079
603,0.0,0.000618965090369,0.0,0.00444137330225,0.00118433220325,0.0,0.00207974818229
604,0.0,0.000536264914868,0.0,0.00466224172851,0.00140700543077,0.0,0.00458142279777
605,0.0,0.000253004427577,0.0,0.00468682594253,0.0014317905319,0.0,0.00137845690048
606,0.0,0.000796284007963,0.0,0.00516338762126,0.0019122463803,0.0,0.00810321044804
607,0.0,0.000842696629213,0.0,0.00508231647964,0.00183051277504,0.0,0.0075633012709
608,0.0,0.000284859706595,0.0,0.00461052456645,0.0013548656678,0.0,0.0036528793489
609,0.0,0.000558425240821,0.0,0.00492693700061,0.00167386363024,0.0,0.00784888193098
610,0.0,0.000685682940208,0.0,0.0046082365685,0.00135255897373,0.0,0.00460667073221
611,0.0,0.000769329401205,0.0,0.00403013815398,0.000769736693646,0.0,0.00222371663876
612,0.0,0.00035528185694,0.0,0.004249898418,0.000991292703717,0.0,0.00162333032438
613,0.0,0.000842105263158,0.0,0.0044265360978,0.00116937375826,0.0,0.00477222104405
614,0.0,0.0,0.0,0.00332888367872,6.2751997056e-05,0.0,5.05648842683e-09
615,0.0,0.00122682660851,0.0,0.0048084234784,0.00155438168824,0.0,0.00559049996454
616,0.0,0.00223713646532,0.0,0.00641514586948,0.00317423322893,0.0,0.0118849208048
617,0.0,0.000962067069819,0.0,0.00431990952414,0.00106187589766,0.0,0.0026903477859
618,0.0,0.0,0.0,0.00451010123627,0.00125362173978,0.0,0.00135820937911
619,0.0,0.00218393593788,0.0,0.00619344465809,0.00295072041126,0.0,0.00603568291448
620,0.0,0.00210822206606,0.0,0.0082576673863,0.00503181070115,0.0,0.0170921969737
621,0.0,0.00185528756957,0.0,0.00753588358382,0.00430412892427,0.0,0.0135752699426
622,0.0,0.00141242937853,0.0,0.00989933151513,0.00668688950203,0.0,0.0378876194983
623,0.0,0.00199745778101,0.0,0.00943046169172,0.00621418836209,0.0,0.0397166157915
624,0.0,0.000897504936277,0.0,0.00865819537418,0.00543561155801,0.0,0.033994306899
625,0.0,0.00135455469015,0.0,0.00666301027799,0.00342412303331,0.0,0.01083347258
626,0.0,0.00049439683586,0.0,0.00544167834154,0.0021928111216,0.0,0.00546817774137
627,0.0,0.00101061141991,0.0,0.00587015782393,0.00262479187544,0.0,0.0081679761239
628,0.000222123500666,0.000888494002665,0.0,0.0042091889389,0.000950250571733,0.0,0.00644574805264
629,0.000829875518672,0.0,0.0,0.00361288606637,0.000349075077969,0.0,0.0038212446478
630,0.0,0.00065963060686,0.0,0.00420113160193,0.000942127395146,0.0,0.00741692010509
631,0.00101936799185,0.00101936799185,0.0,0.00461877812407,0.00136318666842,0.0,0.00522266211435
632,0.0,0.000880475456747,0.0,0.00410477262342,0.000844981030185,0.0,0.00395031797217
633,0.00100908173562,0.00201816347124,0.0,0.00535450679468,0.00210492726234,0.0,0.0127374619868
634,0.0,0.00384007228371,0.00112360987228,0.00849473806064,0.00527081857159,0.0,0.0590239859881
635,0.0,0.00161439114391,0.0,0.00685169328027,0.00361434783733,0.0,0.0536540116162
636,0.0,0.0,0.0,0.00731590242729,0.00408235021669,0.01,0.0252340039137
637,0.000230733733272,0.00369173973235,0.00097241058419,0.00746404016809,0.00423169844822,0.0,0.0396734521726
638,0.0,0.00168137873056,0.0,0.00763737053206,0.00440644516159,0.0,0.0912320440526
639,0.000432525951557,0.00216262975779,0.0,0.0069800442939,0.0037437476567,0.0,0.0657020111068
640,0.0,0.00257953568358,0.0,0.00776316948992,0.00453327207134,0.0,0.069604933393
641,0.0,0.0,0.0,0.00764930631795,0.0044184784794,0.0,0.0335784357402
642,0.0,0.00180668473351,0.0,0.00640042285318,0.00315938990517,0.0,0.0263332191515
643,0.0,0.00444839857651,0.00174369293263,0.00789168837772,0.00466284113664,0.0,0.0249136313066
644,0.0,0.000402900886382,0.0,0.00477620030634,0.00152189520819,0.0,0.022097057605
645,0.0,0.00146484375,0.0,0.00515032255323,0.00189907455255,0.0,0.0184753093815
646,0.0,0.000914494741655,0.0,0.00505753545962,0.00180552925973,0.0,0.0175766102643
647,0.0,0.00167270699749,0.0,0.00778288697246,0.00455315067306,0.0,0.0533394801493
648,0.0,0.000231749710313,0.0,0.00361321963438,0.000349411371701,0.0,0.00225222247186
649,0.0,0.00109337415264,0.0,0.00441112966527,0.00115384143382,0.0,0.00954586982778
650,0.0,0.00115713955103,0.0,0.00442405468768,0.00116687207159,0.0,0.0079309076584
651,0.0,0.00157645822386,0.0,0.00645756044932,0.0032169943947,0.0,0.0293035332793
652,0.0,0.00215866162979,0.0,0.00701014522066,0.00377409454976,0.0,0.0413173021977
653,0.0,0.00114975567692,0.0,0.00575537840068,0.00250907454516,0.0,0.0282055131319
654,0.0,0.00180296200901,0.0,0.00608499670479,0.00284138628782,0.0,0.0238366223652
655,0.0,0.0010099734882,0.0,0.00523429617639,0.00198373435663,0.0,0.0171513000239
656,0.000124362641463,0.00211416490486,0.0,0.00609119498742,0.00284763521901,0.0,0.0241738372475
657,0.0,0.000566491998301,0.0,0.00542103054896,0.00217199460793,0.0,0.0296966386094
658,0.0,0.000773634535046,0.0,0.00553008646992,0.00228194166697,0.0,0.0284364407063
659,0.0,0.000309310238169,0.0,0.00535717932619,0.00210762163214,0.0,0.0308719924592
660,0.000193760899051,0.0011625653943,0.0,0.00438510416396,0.00112760326808,0.0,0.00361998428588
661,0.0,0.0,0.0,0.00543300280932,0.00218406469825,0.02,0.0232082422886
662,0.0,0.0015882469724,0.0,0.0045926601935,0.00133685531815,0.0,0.00683122146762
663,0.0,0.000585137507314,0.0,0.00357902708667,0.000314939423469,0.0,0.00205324657823
664,0.0,0.00117872403124,0.0,0.00511112494269,0.00185955664318,0.0,0.0125884727556
665,0.000144592249855,0.000722961249277,0.0,0.00515949242133,0.00190831935119,0.0,0.0137340597471
666,0.0,0.0,0.0,0.00265091325602,0.0,0.01,1.20967966549e-09
667,0.0,0.00098452883263,0.0,0.00533686639691,0.00208714271807,0.0,0.01330843507
668,0.0,0.0016647244881,0.0,0.0070140560568,0.00377803734285,0.0,0.0398252365902
669,0.0,0.00147251308901,0.0,0.00646322699673,0.00322270724566,0.0,0.0373483056344
670,0.0,0.00322580645161,0.000497472482622,0.00828748328949,0.00506187024161,0.0,0.0364545610128
671,0.0,0.0016020506248,0.0,0.00816260633237,0.00493597286661,0.0,0.0540333959816
672,0.0,0.00102085460114,0.0,0.00530441738948,0.00205442855725,0.0,0.0193423850461
673,0.0,0.00124326564443,0.0,0.00614866409755,0.00290557393146,0.0,0.0273360714803
674,0.0,0.00152387402641,0.0,0.00548179242334,0.00223325299106,0.0,0.0196582991885
675,0.0,0.00079554494829,0.0,0.00437373648364,0.00111614269805,0.0,0.00838304846917
676,0.0,0.00952380952381,0.00691719338784,0.011219719227,0.00801806661216,0.0,0.046720050898
677,0.0,0.000961934863268,0.0,0.00469958675766,0.00144465562059,0.0,0.00828715059105
678,0.0,0.0,0.0,0.00453040233234,0.00127408872395,0.0,0.0140212125251
679,0.0,0.000532978014657,0.0,0.00479410473097,0.00153994593679,0.0,0.0156569202532
680,0.0,0.0011591515011,0.0,0.00695325718334,0.0037167416583,0.0,0.0634111417748
681,0.0,0.00447427293065,0.00177006734532,0.00966212426965,0.00644774394447,0.0,0.0756518023552
682,0.0,0.0010487065952,0.0,0.00757664918653,0.00434522763847,0.0,0.0647680575382
683,0.0,0.0,0.0,0.00680438653457,0.00356665452993,0.0,0.0940883225098
684,0.000118863663378,0.000713181980269,0.0,0.00648497120501,0.00324462913427,0.0,0.045151637786
685,0.0,0.00109409190372,0.0,0.00758875947378,0.00435743688356,0.0,0.0564449057363
686,0.0,0.00105278989322,0.0,0.0059333317301,0.00268848200001,0.0,0.0310205212372
687,0.000457247370828,0.000914494741655,0.0,0.0057570565653,0.00251076642271,0.0,0.0272005616407
688,0.00015455950541,0.000772797527048,0.0,0.00610553676675,0.00286209419057,0.0,0.0311610086266
689,0.000820344544709,0.00164068908942,0.0,0.00761964388405,0.00438857366228,0.0,0.0442196249955
690,0.00015295197308,0.00122361578464,0.0,0.00616465711748,0.00292169763653,0.0,0.0295748164397
691,0.000379506641366,0.000759013282732,0.0,0.00578455893522,0.00253849352513,0.0,0.0317879075147
692,0.0,0.00151171579743,0.0,0.0073968657794,0.00416397515164,0.0,0.0498998725363
693,0.00316455696203,0.00316455696203,0.000435039259864,0.0105145108972,0.00730709575259,0.0,0.0745449087873
694,0.0,0.00207776788364,0.0,0.00731603617319,0.00408248505548,0.0,0.0381956171739
695,0.0,0.0,0.0,0.0109282389476,0.00772420453483,0.0,0.121834039972
696,0.0,0.000761614623001,0.0,0.00630287439943,0.00306104434531,0.0,0.0370792754147
697,0.0,0.00248756218905,0.0,0.01021002401,0.00700012078534,0.0,0.0904921219291
698,0.0,0.00235849056604,0.0,0.00947141249882,0.00625547379406,0.0,0.0765408289044
699,0.0,0.00217654171705,0.0,0.00779831077306,0.0045687005075,0.0,0.0449900398793
700,0.0,0.00558139534884,0.00289858647292,0.0122439444459,0.00905066117119,0.0,0.088633852693
701,0.000216872695728,0.00346996313164,0.000746347836439,0.00984883713616,0.00663598251398,0.0,0.0642239686355
702,0.0,0.00236966824645,0.0,0.00871808403207,0.00549598958926,0.0,0.0395644102899
703,0.0,0.00109090909091,0.0,0.00429834334831,0.00104013349627,0.0,0.00789708793831
704,0.0,0.000177525297355,0.0,0.00438460884304,0.0011271038997,0.0,0.00857460895739
705,0.0,0.000172057811425,0.0,0.00338892749483,0.000123286454391,0.0,0.000974376877841
706,0.0,0.000717188620607,0.0,0.00701500530903,0.00377899435179,0.0,0.0371514683771
707,0.0,0.00170068027211,0.0,0.0077459180758,0.00451587968926,0.0,0.0319493322682
708,0.0,0.00138089758343,0.0,0.00626353350395,0.00302138198016,0.0,0.0223667418219
709,0.0,0.00113843351548,0.0,0.00691603973612,0.00367922009293,0.0,0.0245408116551
710,0.0,0.0014409221902,0.0,0.0070196658516,0.00378369297746,0.0,0.0390915472147
711,0.0,0.00167064439141,0.0,0.00708931308442,0.00385390932473,0.0,0.0287907050478
712,0.0,0.00246609124538,0.0,0.00720666035428,0.00397221548448,0.0,0.0351253143572
713,0.0,0.00135931128228,0.0,0.00669171721334,0.00345306454413,0.0,0.0244423751942
714,0.0,0.0,0.0,0.00659196196823,0.00335249416036,0.0,0.0232271437594
715,0.0,0.000851546977008,0.0,0.00711987854541,0.00388472454792,0.0,0.030290903538
716,0.0,0.00211480362538,0.0,0.00975890131496,0.00654531179242,0.0,0.0402728699496
717,0.0,0.00246153846154,0.0,0.00959515644448,0.00638022889932,0.0,0.0414020129456
718,0.0,0.00180412371134,0.0,0.00571629075126,0.00246966749545,0.0,0.0142191503802
719,0.0,0.00156087408949,0.0,0.00678097815274,0.00354305486916,0.0,0.0212332401041
720,0.0,0.0,0.0,0.00259205389998,0.0,0.01,1.19235285723e-09
721,0.0,0.00162162162162,0.0,0.00590012590911,0.00265500484142,0.0,0.0166504201737
722,0.0,0.00158478605388,0.0,0.00573133664088,0.00248483633085,0.0,0.0160314067604
723,0.0,0.000901306894998,0.0,0.00516519439718,0.00191406792008,0.0,0.00747324904783
724,0.0,0.00114129194248,0.0,0.00556326519171,0.00231539150491,0.0,0.0126867956848
725,0.0,0.00147383935151,0.0,0.00626311199917,0.00302095703111,0.0,0.0201895144154
726,0.0,0.00136580924198,0.0,0.00577293812663,0.00252677775842,0.0,0.0140254491375
727,0.0,0.000677659814773,0.0,0.0053001795793,0.00205015611829,0.0,0.0141391842906
728,0.0,0.00230559631105,0.0,0.00653244645004,0.00329249231787,0.0,0.0177880609347
729,0.0,0.00288898060256,0.000154136996786,0.00663404033269,0.0033949163634,0.0,0.0231208956819
730,0.000212404418012,0.00297366185217,0.000240454831528,0.00657844765248,0.00333886941391,0.0,0.0162213201096
731,0.0,0.000820176337913,0.0,0.00563268630655,0.00238537988651,0.0,0.021316056499
732,0.0,0.000394555139081,0.0,0.00556121320843,0.00231332275408,0.0,0.0193957432344
733,0.0,0.0,0.0,0.00515824106565,0.00190705777019,0.0,0.0164853835254
734,0.00013044612575,0.00065223062875,0.0,0.0042902177394,0.00103194148987,0.0,0.0018957309797
735,0.0,0.000298062593145,0.0,0.00483089532194,0.0015770371579,0.0,0.00450794085122
736,0.000150920615756,0.00120736492605,0.0,0.00506241955846,0.00181045326843,0.0,0.00725435844835
737,0.0,0.000277161862528,0.0,0.00474353548213,0.00148896346707,0.0,0.0100130899463
738,0.0,0.000695249130939,0.0,0.00533984528367,0.00209014594646,0.0,0.0112695520562
739,0.000240615976901,0.00216554379211,0.0,0.00685100364697,0.00361365256876,0.0,0.0167121501622
740,0.000111222333445,0.00122344566789,0.0,0.00470024107919,0.00144531528884,0.0,0.00602733652933
741,0.0,0.00208516242318,0.0,0.00636075334413,0.00311939624124,0.0,0.0196945219644
742,0.0,0.00111470293167,0.0,0.00493155859656,0.00167852299104,0.0,0.00815070621489
743,0.0,0.00073673870334,0.0,0.00902544936941,0.00580586652757,0.0,0.125755838685
744,0.0,0.000732600732601,0.0,0.00903375230702,0.00581423731169,0.0,0.118836149773
745,0.0,0.000473372781065,0.0,0.00799026243689,0.00476222068255,0.0,0.100164872637
746,0.0,0.00149860843502,0.0,0.00550962034096,0.00226130830136,0.0,0.0266651684415
747,0.0,0.0010175010175,0.0,0.00530388961843,0.00205389647358,0.0,0.0302482723261
748,0.0,0.000585708707536,0.0,0.00527589455506,0.00202567265173,0.0,0.0271549691038
749,0.0,0.000977039570103,0.0,0.00858005982335,0.00535683753139,0.0,0.0713822742679
750,0.0,0.0026507620941,0.0,0.00738995313759,0.00415700602396,0.0,0.0479894801776
751,0.000450551926109,0.00202748366749,0.0,0.00810450307854,0.00487739482864,0.0,0.0637131389191
752,0.0,0.00150489089541,0.0,0.00740093877148,0.00416808142571,0.0,0.0188307548444
753,0.0,0.000295770482106,0.0,0.00653972548423,0.00329983083186,0.0,0.0169479975849
754,0.0,0.000436871996505,0.0,0.00690653358165,0.00366963626001,0.0,0.0181655804209
755,0.0,0.00114503816794,0.0,0.00671724804312,0.00347880399619,0.0,0.0123177689074
756,0.0,0.000764818355641,0.0,0.0057047772113,0.00245805987391,0.0,0.00521488708864
757,0.0,0.000773096250483,0.0,0.00641295065634,0.00317202007786,0.0,0.0106287409949
758,0.0,0.000847457627119,0.0,0.00415283184569,0.000893432962932,0.0,0.00259458965094
759,0.0,0.000345006037606,0.0,0.00364372585742,0.00038016687287,0.0,8.18865887792e-09
760,0.0,0.000683994528044,0.0,0.00328131893046,1.4798578854e-05,0.0,0.000534118024663
761,0.0,0.000736241487208,0.0,0.00418995010968,0.000930854534605,0.0,0.00297799870604
762,0.000190150218673,0.000570450656018,0.0,0.00368292001535,0.000419681301416,0.0,0.00178820203903
763,0.000193873594416,0.000775494377666,0.0,0.00346620755041,0.000201197995171,0.0,0.00197677163319
